__lc_number,__source_file,__sheet,__row,10%,1PLT  수량,90%,Amount,Amount(100%),B/L No,F/S,L/G 발행,LC,No.,P/O No.,PLT,Q'ty,Unit  price,col10,col11,col12,col13,col14,col15,col16,col17,col18,col19,col23,col30,col31,col32,col33,col34,col35,col36,col37,col38,col39,col40,col41,col42,col43,col44,col45,col46,col47,col48,col49,col5,col50,col51,col52,col53,col54,col6,col7,기타 비용,반입 후 60일,반출 기한,발주서 PI,발주일자,발주처 및 발주일자,선적,수량 (F/M包),업체,운송/창고료 (VAT포함가),유산스,입항,통관,포워더,"포장 40""",품명,현장배송
M12MK2401NU00018,수입진행상황(module)-2025년도.xlsx,2024,5,,,,368046,,NPSELHT245133,,2024-02-06,"하나
은행",1,"LGi-L-Sal-2203-0361-A012
(일반 100MW)
(T/T4,299,916.29)
V4버젼",99,5040,0.127,,2024-01-17,M12MK2401NU00018,5040,,2898000,"540,492.70
(85%)

15%-95,381.06",,"221221.94
15%-39,039.16",,,,,부산 생곡동 부산5호,575,1512,,,,,,,,,,,,,,,,,,,,,,,2898000,,,부산,,"100MW
발주건",,2024-02-02,3564,론지,6119580,,2024-02-04,2024-02-05,"씨앤
아이",,LR5-72HGD-575M,2024-02-14
M12MK2405NU00018,수입진행상황(module)-2025년도.xlsx,2024,22,,,,1142553.6,,NPSELHT245468,,발행,"하나
은행",,,374,17280,0.114,,2024-05-09,M12MK2405NU00018,17280,,10022400,"628,404.48
(55%)

45%-514,149.12",,489631.82,,,,,구미시 공단동,580,1728,,,,,,,,,,,,,,,,,,,,,,,10022400,,,부산,,,,2024-05-22,13464,,33466538,,,,"씨앤
아이",19,LR5-72HGD-580M,2024-06-06
M0215405NU00228,수입진행상황(module)-2025년도.xlsx,2024,38,,,,580798.0800000001,,NPSELHT245530,,발행,"산업
은행",,,244,8784,0.114,,2024-05-21,M0215405NU00228,8784,,5094720,"319,438.94 (55%)
261,359.14 (45%)",,319438.94,,,,,제주가시리,580,1728,,,,,,,,,,,,,,,,,,,,,,,5094720,,,광양,,,,2024-06-02,8784,,14666546,2024-09-03,2024-06-08,,"씨앤
아이",13,LR5-72HGD-580M,2024-06-12
M0215405NU00331,수입진행상황(module)-2025년도.xlsx,2024,42,,,,1161596.1600000001,,NPSELHT245554,,발행,"산업
은행",,,488,17568,0.114,,2024-05-30,M0215405NU00331,17568,,10189440,"638,877.89 (55%)
522,718.27 (45%)",,638877.89,,,,,제주가시리,580,1584,,,,,,,,,,,,,,,,,,,,,,,10189440,,,광양,,,,2024-06-14,17568,,41070032,2024-09-12,2024-06-16,,"씨앤
아이",25,LR5-72HGD-580M,2024-07-05
M12MK2407NU00018,수입진행상황(module)-2025년도.xlsx,2024,49,,,,1112486.4,,NPSELHT245797,,2024-08-07,"하나
은행",,,480,17280,0.111,,2024-07-17,M12MK2407NU00018,17280,,10022400,"611,867.52(55%)
500,618.88 (45%)",,611867.52,,,,,제주가시리,580,792,,,,,,,,,,,,,,,,,,,,,,,10022400,,,광양,,,,2024-08-03,17280,,28912610,,2024-08-05,,"씨앤
아이",,LR5-72HGD-580M,2024-08-19
M12MK2408NU00032,수입진행상황(module)-2025년도.xlsx,2024,56,,,,1112486.4,,NPSELHT246019,,2024-09-02,"하나
은행",,,480,17280,0.111,,2024-08-13,M12MK2408NU00032,17280,,10022400,"611,867.52(55%)
500,618.88 (45%)",,611867.52,,,,,제주가시리,580,3456,,,,,,,,,,,,,,,,,,,,,,,10022400,,,,,,,2024-08-30,17280,,24864587,,2024-09-04,,"씨앤
아이",,LR5-72HGD-580M,2024-09-10
M12MK2408NU00057,수입진행상황(module)-2025년도.xlsx,2024,61,,,,303616.08,,NPSELHT244030,,2024-09-06,"하나
은행",,,240,4716,0.111,,2024-08-23,M12MK2408NU00057,17262,,10011960,"166,988.84(55%)
136,627.24 (45%)

581,552.27 (72%)
226,159.21 (28%)",,748541.11,,,,,제주가시리,580,3456,,,,,,,,,,,,,,,,,,,,,,,2735280,,,,,,,2024-09-04,4716,,16337788,,2024-09-08,광양,"씨앤
아이",,LR5-72HGD-580M,2024-09-27
M12MK2408NU00064,수입진행상황(module)-2025년도.xlsx,2024,68,,,,78001.92,,NPSELHT244080,,2024-09-19,"하나
은행",,,32,1152,0.111,,2024-08-30,M12MK2408NU00064,1152,,702720,"42,901.06(55%)
 35,100.86(45%)",,42901.06,,,,,김해고모리,610,792,,,,,,,,,,,,,,,,,,,,,,,702720,,,,,,,2024-09-13,1152,,"
2,641,310",,2024-09-16,부산,씨앤아이,,LR7-72HGD-610M,2024-09-25
M12MK2409NU00025,수입진행상황(module)-2025년도.xlsx,2024,71,,,,26813.16,,NPSELHT244269,,2024-10-17,하나은행,,,,396,0.111,,2024-09-24,M12MK2409NU00025,396,,241560,"(55%)14,747.24
 (45%)12,065.92",,14747.24,,,,,김해시 고모리,610,396,,,,,,,,,,,,,,,,,,,,,,,241560,,,부산,,,,2024-10-15,396,,2079586,,,부산,씨앤아이,,LR7-72HGD-610M,2024-11-15
M12MK2410NU00018,수입진행상황(module)-2025년도.xlsx,2024,72,,,,12876,,NPSELHT244299,,2024-10-29,"하나
은행",,,,200,0.111,,2024-10-15,M12MK2410NU00018,,,,7081.8,,7081.8,,,,,제주가시리,580,128,,,,,,,,,,,,,,,,,,,,,,,116000,,,,,,,2024-10-27,200,,1201274,,2024-10-30,광양,씨앤아이,,LR5-72HGD-580M,2024-10-31
M12MK2503NU00040,수입진행상황(module)-2025년도.xlsx,2024,89,,,,255049.725,,SHACYR14644,,,하나,,,,4879,0.085,,2025.03.20,M12MK2503NU00040,4879,,3000585,"
 (72%)183635.81
 (28%)",,347777.34,,,,,"광양(햇살,피카츄외)",615,792,,,,,,,,,,,,,,,,,,,,,,Lot3,3000585,,,선진로지스틱스,,,,2025.04.03,4879,,,2025-07-04,,,,,LR7-72HGD-615M,2025-05-16
M12MK2504NU00018,수입진행상황(module)-2025년도.xlsx,2024,104,,,,,,SHACZA82185,,,하나,,,,,,,"2025.
04.02",M12MK2504NU00018,4877,,2999355," (72%)205,155.89
 (28%)",,205155.89,,,,,탑솔라(데미지건),615CFP,108,,,,,,,,,,,,,,,,,,,,,,,,,,선진로지스틱스,,,,2025.04.16,"4877
(CFP)",,,,2025-04-19,,,,,2025-05-15
M0215402NU00089,수입진행상황(module)-2025년도.xlsx,2024,114,,,,2822175,,JWSH24020155,,2024-03-04,산업은행,2,"JKS-TOP240118
(5% T/T, 95% LC)
T/T 5% USD565,31.98


MCKRJH24Q104 100MW amend v1 rev",222,39960,0.113,,2024-02-21,M0215402NU00089,7992,,4995000,"564,435.00
(5% 28,221.75, 
95% 536,213.25)",,536213.25,,,,,안동시 기산리,625,288,,,,,,,,,,,,,,,,,,,,,,,24975000,,,부산,,2024-01-18,,1900-01-01,7992,징코,26813406,2024-05-29,2024-03-02,2024-02-29,"씨앤
아이",,JKM625N-78HL4-BDV,2024-03-06
M12MK2403NU00018,수입진행상황(module)-2025년도.xlsx,2024,131,,36장,,,,JWSH24030083,,2024-03-14,"하나
은행",,,224,,,,2024-03-05,M12MK2403NU00018,15984,,9990000,"1,128,870.00
(5% 56,443.50, 
95% 1,072,426.50)",,541044,,,,,김해 명동리,625,612,,,,,,,,,,,,,,,,,,,,,,,,,,부산,,,,2024-03-14,8064,,26859265,2024-06-11,2024-03-16,,"씨앤
아이",,,2024-03-23
M0215403NU00300,수입진행상황(module)-2025년도.xlsx,2024,177,,36장,,,,JWSH24040006,,O B/L,산업은행,,,444,,,,2024-03-25,M0215403NU00300,15984,,9990000,"1,128,870.00
(5% 56,443.50, 
95% 1,072,426.50)",,1072426.5,,,,,경북 청도군 노산길,625,144,,,,,,,,,,,,,,,,,,,,,,,,,,광양,,,,2026-04-06,15984,,70219015,2024-07-05,2024-04-11,,"씨앤
아이",28,,2024-05-08
M12MK2405NU00025,수입진행상황(module)-2025년도.xlsx,2024,228,,,,566387.64,,EASHO2421NK232,,2024-05-29,"하나
은행",,,1900-08-08,7956,0.113,,   ,M12MK2405NU00025,7956,,5012280,"566,387.64
(5% 28,319.38, 95%  538,068.26)",,538068.26,,,,,나주 동곡리,630,144,,,,,,,,,,,,,,,,,,,,,,,5012280,,,,,,,2024-05-25,7956,,32732295,,2024-05-26,,"씨앤
아이",14,"JKM630N-78HL4-BDV

(amend v2 rev)",2024-06-03
M12MK2409NU00018,수입진행상황(module)-2025년도.xlsx,2024,257,,,,2588581.8,,JWSH24090078,,2024-09-30,하나은행,,,432,39132,0.105,,2024-09-13,M12MK2409NU00018,39132,576,24653160,"90% 2,329,723.62
10% 258,858.18",,2329723.62,,,,,부안 백련리,630,792,,,,,,,,,,,,,,,,,,,,,,576,24653160,,,"부산 
신항",,,,2024-09-28,15552,,62437367,,2024-09-30,,"씨앤
아이",,"JKM630N-78HL4-BDV-S
(amend v4 rev)",2024-10-11
M12MK2409NU00040,수입진행상황(module)-2025년도.xlsx,2024,311,,,,4200789.6,,EASEK2442NB233,,2024-10-25,하나은행,,,155,63504,0.105,,2024-09-27,"M12MK2409NU00040
(USD3780710.64)",63504,,40007520,"90% 3,780,710.64
10% 420,078.96",,332205.3,,,,,당진초락도리,630,2880,,,,,,,,,,,,,,,,,,,,,,,40007520,,,부산,,,,2024-10-25,5580,,17379860,2025.1.22,2024-10-28,,"씨앤
아이",,"JKM630N-78HL4-BDV-S
(amend v4 rev)",2024-10-30
M0215410NU00281,수입진행상황(module)-2025년도.xlsx,2024,340,,,,5250987,,JWSH24110019,,2024-11-25,"산업
은행",,,4000,79380,0.105,,2024-10-15,M0215410NU00281,,,,4725888.3,,4725888.3,,,,,당진초락도리,630,4320,,,,,,,,,,,,,,,,,,,,,,,50009400,,,평택,,,,2024-11-17,14400,,32587040,,,,,,"JKM630N-78HL4-BDV-S
(amend v4 rev)",2024-11-30 아침
M0215410NU00370,수입진행상황(module)-2025년도.xlsx,2024,378,,,,78586.2,,JWSH24110084,,2024-11-27,"산업
은행",,,,1188,0.105,,2024-10-25,M0215410NU00370,,,,,,70727.58,,,,,1034번지 본사,,108,,,,,,,,,,,,,,,,,,,,,,24,748440,,,,,,,,1212,,3943770,,,,,,JKM630N-78HL4-BDV-S,2024-12-02 아침
M12MK2410NU00025,수입진행상황(module)-2025년도.xlsx,2024,387,,1028764.8,,,,JWSH24110079,,,"하나
은행",,,220,31104,0.105,,2024-10-25,M12MK2410NU00025,,,,,,1851776.64,,,,,당진 초락도리,630,1008,,,,,,,,,,,,,,,,,,,,,,,19595520,,,광양,,,,2024-11-19,17280,,49106260,2025.01.09,2024-11-21,,,,JKM630N-78HL4-BDV-S,2024-11-26
M12MK2412NU00025,수입진행상황(module)-2025년도.xlsx,2024,421,,2024-12-21,,1342156.3199999998,,JWSH24120043,2024-12-19,2024-12-24,"하나
은행",,"JKS-TOP240517 (125MW)
225MW 수정진행
(10%tt, 90% LC)
V7",2024-12-20,23616,0.0895,,2024-12-06,M12MK2412NU00025,23616,,14996160,1207940.69,,,,,,,,,,,,,,,,,,,,,,,,,,,,,,,,14996160,,,광양,,2024-05-17,,2024-12-16,11520,징코,31243645,,2024-12-18,2024-12-25,2024-12-26,2024-12-22,JKM635N-78HL4-BDV-S,
M12MK2502NU00018,수입진행상황(module)-2025년도.xlsx,2024,471,,,,1274673.6,,SNKO03K250200546,,,하나,,,,23616,0.085,,2025-02-10,M12MK2502NU00018,23616,,14996160,"90%
1,147,206.24",,,,,,,경주 안강읍,635,288,,,,,,,,,,,,,,,,,,,,,,,14996160,,,씨앤아이,,,,2025-02-25,11520,,27776685,,2025-02-28,,,,JKM635N-78HL4-BDV-S,2025-03-05
M12MK2502NU00032,수입진행상황(module)-2025년도.xlsx,2024,500,,,,2148512.21,,JWSH25030014,,,하나,,,,46620,0.085,,2025-02-19,M12MK2502NU00032,46620,,29603700,"(100%)2516314.50
(10%)261631.45
(90%)2264683.05
-116170.84(T/T정산)",,,,,,,"경북 경주(성화1,2)",635,288,,,,,,,,,,,,,,,,,,,,,,,29603700,,,블루,,,,2025-03-05,11520,,25045064,,2025-03-10,,,,JKM635N-78HL4-BDV-S,2025-03-11
M0215407NU00395,수입진행상황(module)-2025년도.xlsx,2024,585,,,,1050197.4,,EASEK2431NK232,,2024-08-13,산업은행,,JKS-TO240517 (25MW),224,15876,0.105,,2024-07-25,M0215407NU00395,15879,,10003770,945177.66,,480090.24,,,,,경남 함안(동경),630,288,,,,,,,,,,,,,1,,,,,,,,,,10001880,,,,,"디원
2024-5-17",,2024-08-10,8064,징코,23653480,2024-11-08,2024-08-16,광야,씨앤아이,,JKM630N-78HL4-BDV-S,2024-08-20
M04NG2409NU00018,수입진행상황(module)-2025년도.xlsx,2024,619,,,,523908,,JWSH24090056 ,,2024-09-24,기업은행,,,220,7920,0.105,,2024-09-06,M04NG2409NU00018,7920,,4989600,"10% TT
90%LC
-415.80
 471,101.40",,471517.2,,,,,해남 한자리,630,288,,,,,,,,,,,,,,,,,,,,,,,4989600,,,,,,,2024-09-23,7920,,25308135,,2024-09-25,광양,씨앤아이,,JKM630N-78HL4-BDV-S,2024-10-05
M04NG2409NU00032,수입진행상황(module)-2025년도.xlsx,2024,639,,,,1044130.5,,EASEK2439NB232,,,"기업
은행",,,220,15660,0.105,,2024-09-20,M04NG2409NU00032,7920,,5029200,"528,066.00
10% TT
90%LC",,475259.4,,,,,탑솔라,635,72,,,,,,,,,,,,,,,,,,,,,,,9944100,,,부산,,,,2024-10-06,7920,,33617767,,2024-10-10,"부산
북항","씨앤
아이",14대,JKM635N-78HL4-BDV-S,2024-10-17
M04NG2410NU00025,수입진행상황(module)-2025년도.xlsx,2024,662,,,,,,JWSH24110045,,,"기업
은행",,,219,,,,2024-10-17,M04NG2410NU00025,,,,"90% 464,458.05",,"516,064.50
90% 464,458.05
10%51,606.45",,,,,장흥 북교리,635,252,,,,,,,,,,,,,,,,,,,,,,,,,,부산,,,,2024-11-16,7740,,29729649,,2024-11-18,부산,"씨앤
아이",,,2024-12-04
M12MK2402NU00018,수입진행상황(module)-2025년도.xlsx,2024,680,,,,1301806.4400000002,,ZHC2402012,,2024-03-08,"하나
은행",3,KNK-TOP240130 (10MW),216,14293,0.132,,2024-02-15,M12MK2402NU00018,14293,200,9862170,1301806.4400000002,,649218.24,,,,,당진태양광,690,2772,,,,,,,,,,,,,,,,,,,,,,200,9862170,,,평택,,2024-01-30,,2024-02-25,7128,KNK,15716820,,2024-02-27,완료,"씨앤
아이","12""",CS7N-690TB-AG,2024-03-12
M12MK2403NU00032,수입진행상황(module)-2025년도.xlsx,2024,687,,,,1334322,,ZHC2403011,200,,"하나
은행",4,KNK-TOP240131 (20MW),,14650,0.132,,2024-03-18,M12MK2403NU00032,14650,200,10108500,1334322,,1334322,,,,,남원 자래리,690,561,,,,,,,,,,,,,,,,,,,,,,200,10108500,,,평택,,2024-01-31,,2024-03-26,14850,KNK,34753506,2024-06-24,2024-03-27,,"씨앤
아이",25,CS7N-690TB-AG,2024-04-02
M12MK2404NU00018,수입진행상황(module)-2025년도.xlsx,2024,693,,33,,1269290.8800000001,,ZHC2404001,200,발행,"하나
은행",,,431,13936,0.132,,2024-04-01,M12MK2404NU00018,13936,200,9615840,1269290.8800000001,,1269290.8800000001,,,,,장성 나노산단,690,78,,,,,,,,,,,,,,,,,,,,,,200,9615840,,,평택,,,,2024-04-17,14136,,32584905,,2024-04-19,,"씨앤
아이",24,,2024-04-24
M12MK2404NU00025,수입진행상황(module)-2025년도.xlsx,2024,699,,33,,138441.6,,ZHC2404043,10,발행,"하나
은행",5,KNK-TOP240408 (1MW),52,1520,0.132,,2024-04-17,M12MK2404NU00025,1520,10,1048800,138441.6,,138441.6,,,,,당진(동광)태양광,690,1200,,,,,,,,,,,,,,,,,,,,,,10,1048800,,,인천,,2024-04-08,,2024-04-30,1530,KNK,4866158,2024-07-29,2024-05-01,,"씨앤
아이",3,CS7N-690TB-AG,2024-05-03
M12MK2503NU00025,수입진행상황(module)-2025년도.xlsx,2025,5,,,,801014.4,,SNKO03K250302336 ,,2025-04-28,하나,1,"MCKRJH25Q108
(Rev.1)",320,15768,0.08,,2025-03-14,M12MK2503NU00025,31500,20MW,20002500,1600200,1440180,,526694.4,,,,,,탑솔라,635,144,,,,,,,,,,,,,,,,,,,,,10012680,,,,,,탑솔라,2025-04-24,11520,징코,25537000,,2025-05-01,,블루,20,"JKM635N-78HL4-BDV-S

(T/T 1,360,627.20)
- 2025/3/13송금


(90% 12,245,644.80)",2025-05-07
M12MK2503NU00032,수입진행상황(module)-2025년도.xlsx,2025,62,,36,,1828.8,,SHAA28081200,,,하나,,,480,36,0.08,,2025-03-19,M12MK2503NU00032,39168,25MW,24871680,1989734.4000000001,1790760.96,,790041.6,,,,,,영광(기림씨),635,1728,,,,,,,,,,,,,,,,,,,,,22860,,,,,,,2025-04-15,17280,,38344480,,2025-04-19,완료,블루,30,,2025-04-24
M12MK2504NU00032,수입진행상황(module)-2025년도.xlsx,2025,101,,,,438912,,SHKWA25009166 ,,,하나,,,240,8640,0.08,,2025-04-07,M12MK2504NU00032,8640,5.5MW,5486400,438912,395020.8,,395020.8,,,,,,"나주(무희2호,곡천,새작골,리유)",635,612,,,,,,,,,,,,,,,,,,,,,5486400,,,,5톤단축,,,5-55,8640,,30491214,,2025-05-25,,블루,,,2025-06-05
M12MK2504NU00025,수입진행상황(module)-2025년도.xlsx,2025,127,,  ,,2516428.8000000003,,SHKWA25010062,,,하나,,,448,49536,0.08,,2025-04-07,M12MK2504NU00025,49536,31.5MW,31455360,2516428.8000000003,2264785.9200000004,,737372.16,,,,,,신안(비금1호),635,864,,,,,,,,,,,,,,,,,,,,,31455360,,,,5톤장축,,,2025-06-02,16128,,41500096,,,광양,선진,28,,2025-06-11
M0215506NU00370,수입진행상황(module)-2025년도.xlsx,2025,180,,,,2709367.2,,JWSH25070012,,,"산업
은행",,,400,53334,0.08,,2025-06-19,M0215506NU00370,,,,,2438430.48,,658368,,,,,,충남 천안(임창대),635,36,,,,,,,,,,,,,,,,,,,,,33867090,,,,,,,2025-07-06,14400,,44031114,,2025-07-10,광양,블루,,,2025-07-15
M42M62506NU00032,수입진행상황(module)-2025년도.xlsx,2025,257,,,,2410968,,JWSH25070025,O B/L,,"신한
은행",,,480,47460,0.08,,2025-06-20,M42M62506NU00032,,,,,2169871.2,,,11,,,,,"전남 목포(활삐,봉성리)",635,648,,,,,,,,,,,,,,,,,,,,,30137100,,,,,,,2025-07-23,17280,,48023890,,2025-07-27,광양,선진,,,2025-08-25
M0215507NU00331,수입진행상황(module)-2025년도.xlsx,2025,328,,,,1940661.6,,"JWSH25080026
(YJC김혜진)",,,"산업
은행",,,LG보류즁,38202,0.08,,2025-07-18,M0215507NU00331,"38202+
1980",,,,1746595.44,,500359.68,6.9,,,,,전남 신안(선정),635,1260,,,,,,,,,,,,,,,,,,,,,24258270,,,,1548,,,2025-08-06,10944,,34017197,,2025-08-11,광양,선진,,,2025-09-23
M04NG2506NU00032,수입진행상황(module)-2025년도.xlsx,2025,365,,,,1199997.6,,JWSH25070018,,,"기업
은행",2,"MCKRJH25Q109
(Rev.1)",7/23 발행,23622,0.08,,2025-06-20,M04NG2506NU00032,,,,,1079997.84,,1079997.84,4,,,,,경북 김천(에스비일렉트릭),635,3924,,,,,,,,,,,,,,,,,,,,,14999970,,,,4680장,,디원,2025-07-20,6342,징코,18911742,,2025-07-25,광양,블루,,JKM635N-78HL4-BDV-S,2025-08-28
M0215507NU00356,수입진행상황(module)-2025년도.xlsx,2025,460,,,,1110081.6,,"JWSH25090008
(DY ULC김나현주임)",,,"산업
은행",,,,21852,0.08,,2025-07-21,M0215507NU00356,,,,,"999,073,44",,,,,,,,경북 영천(신재영),635,144,,,,,,,,,,,,,,,,,,,,,13876020,,,,,,,2025-09-19,11520,,31289700,,2025-09-23,LG 9.24,블루,,,2025-09-29
M0215508NU00267,수입진행상황(module)-2025년도.xlsx,2025,504,,,,1431645.6,,"DJSCNGB250024685
(동진선사)
디원",,,"산업
은행",,,160,28182,0.08,,2025-08-29,M0215508NU00267,,,,,1288481.04,,,,,,,,태안군 안면읍(태안그린),635,3456,,,,,,,,,,,,,,,,,,,,,17895570,,,,,,,2025-12-01,5760,,14598160,,2025-12-04,LG,블루,,,2025-12-09
M0215506NU00438,수입진행상황(module)-2025년도.xlsx,2025,543,,31,,444971.51999999996,,PCSLJBL001250720,,,"산업
은행",3,"KNK-TOP250429

90%5,607,049.26
10% 623,005.47",252,7812,0.089,,2025-06-29,M0215506NU00438,,,,,400474.36799999996,,400474.36799999996,,,,,,탑솔라,JA 640,0,,,,,,,,,,,,,,,,,,,,,4999680,,,,,,탑솔라,2025-07-21,7812,"KNK
(JA솔라)",30621656,,2025-07-26,31장,블루,,"JAM72D42  640/LB
(USD890,054.74)",2025-07-31
M12MK2507NU00032,수입진행상황(module)-2025년도.xlsx,2025,569,,,,4895028.4799999995,,,,,"하나
은행",,,,85938,0.089,,2025-07-23,M12MK2507NU00032,캔슬완료,,캔슬진행,,4405525.631999999,,,,,,,,,,,,,,,,,,,,,,,,,,,,,,300,55000320,,,,,,,,,,,,,,,,,
M0215506NU00438,수입진행상황(module)-2025년도.xlsx,2025,575,,31,,      ,,SNKO02N250500536,31장/PLT,有,"산업
은행",,,203,6293,0.089,,2025-06-29,M0215506NU00438,6293,,3996055,,#VALUE!,,#VALUE!,,,,,,탑솔라,JA 635,124,,,,,,,,,,,,,,,,,,,,,3996055,,,,,,,2025-06-29,6293,,,,2025-07-03,광양,블루,13,"JAM72D42  635/LB
(5,340,000.00)",2025-07-08
M12MK2507NU00032,수입진행상황(module)-2025년도.xlsx,2025,599,,,,534405.84,,,,,"하나
은행",,,,9456,0.089,,2025-07-23,M12MK2507NU00032,캔슬완료,,캔슬진행,,480965.256,,,,,,,,,,,,,,,,,,,,,,,,,,,,,,50,6004560,,,,,,,,,,,,,,,,,
M12MK2507NU00025,수입진행상황(module)-2025년도.xlsx,2025,604,,,,462644.46,,SHADCM82253,,,"하나
은행",5,Lgi-UG-Sal-2507-3702-C012,120,3096,0.094,,2025-07-22,M12MK2507NU00025,,,,,462644.46,,234815.76,,,,,,탑솔라,론지 640,108,,,,,,,,,,,,,,,,,,,,10,1981440,,,,,,탑솔라,,2160,론지,12920634,,2025-08-11,8/11 LG,블루,,"640WP 3096pcs
645WP 4788pcs
620WP 720pcs

645WP 2,946pcs
650WP 4,770pcs  F/S 25pcs
(984,763.80)",2025-08-14
M12MK2508NU00025,수입진행상황(module)-2025년도.xlsx,2025,623,,,,178615.98,,"SHADDP34512

(탑솔라)",,,"하나
은행",,,,2946,0.094,,2025-08-19,M12MK2508NU00025,2946,,,,423056.68,,178615.98,,,,,,탑솔라,론지 645,30,,,,,,,,,,,,,,,,,,,,,1900170,,,,,,,2025-09-04,2946,,37713966,,2025-09-07,"LG
송부
완료",블루,,,2026.01.23
M0215508NU00281,수입진행상황(module)-2025년도.xlsx,2025,638,,,,10384318.049999999,,ESZX2502368,,,"산업
은행",6,"LGi-UG-Sal-2508-3660-B012

석문호 90MW
비금호 15MW",40,188660,0.0895,,2025-08-29,"M0215508NU00281
(F/S  22장)

(33.7MW)",54754,,,,2712417.34,,71335.08,"40""*2대",,,,,충남 당진 (석문호),수상 615,1440,,,,,,,,,,,,,,,,,,,,75,116025900,,,,,,디원,2025-10-26,1440,론지,,,2025-10-28,평택,선진,,"LR7-72HGD-615Ma  
(수상)

PLT / 36장",2025-10-31
M0215509NU00317,수입진행상황(module)-2025년도.xlsx,2025,666,,,,,,,,,"산업
은행",,,37.2MW,,,,2025-09-22,"M0215509NU00317
(F/S 23장)

(37.2MW)",60559,,,,2999986.89,,10월 선적예정,,,,,,,,,,,,,,,,,,,,,,,,,,,,,,,,,,,,어멘드필요(마지막선적기일),,,,,,,,,,
M0215509NU00356,수입진행상황(module)-2025년도.xlsx,2025,674,,,,98328.96,,"SHADFA22001
(화신이엔지)",5,,"산업
은행",7,LGi-UG-Sal-2508-3802-C012,,1588,0.096,,2025-09-26,M0215509NU00356,1588+5,5,,,785233.44,,785233.44,,,,,,탑솔라, 645M,9,,,,,,,,,,,,,,,,,,,,5,1024260,,,,,,"화신
이엔지",2025-10-14,1593,론지,57127184,,2025-10-17,완료,블루,,LR7-72HYD 645M,2026.01.23
M12MK2508NU00032,수입진행상황(module)-2025년도.xlsx,2025,702,,,,414136.80000000005,,EASPH2539SK6006,,,"하나
은행",8,"PI TED-A11046-2507-TSI-09808-00

PI 50MW (BAF.CAF,CLC) 탑솔라부담'",,7128,0.083,,2025-08-21,M12MK2508NU00032,7128,,4989600,,372723.12,,,,,,,,탑솔라,700WP,132,,,,,,,,,,,,,,,,,,,,,4989600,,,,,,탑솔라,2025-09-27,7128,트리나,37926016,,2025-10-01,완료,블루,,"TSM-700NEG21C
(STC)",2025-10-10
M100R2509NU00040,수입진행상황(module)-2025년도.xlsx,2025,768,,,,,,EASPR2542LK016,,,"국민
은행",,,658PLT,,,,2025-09-18,M100R2509NU00040,42273,,30013830,,1134143.208,,1134143.21,"40""*36대
지지대 10",,,,,경북 포항(엔솔),710WP,2772,,,,,,,,,,,,,,,,,,,,,,,,,84,,,2025-10-18,21384,,108783736,어멘드완료,,"LG
O B/L",블루,,,2025-11-25
M100R2509NU00040,수입진행상황(module)-2025년도.xlsx,2025,806,,,,1644714.72,,SNLFZGKL005117,,,"국민
은행",,,334,27522,0.083,,,M100R2509NU00040,20823,,,,575058.53,,,"40*18대

지지대10개",,,,,탑솔라,720WP,132,,,,,,,,,,,,,,,,,,,,"지지대
 15pcs",19815840,,,,,,,2025-11-18,10692,,56590552,어멘드완료,2025-11-22,,블루,,"TSM-720NEG21C
(BNPI)",2025-11-26
M12MK2511NU00032,수입진행상황(module)-2025년도.xlsx,2025,842,,,,,,"EASED2550LK056
(이에이에스쉽핑코리아)",,,하나은행,,,208,,,,2025-11-28,M12MK2511NU00032,6699,,,,360299.02,,,지지대 5개,,,,,경기도 여주(적금리2차),720WP,1584,,,,,,,,,,,,,,,,,,,,,,,,,,,,2025-12-20,6699,,43040904,,,,블루,,,2026-02-26
M12MK2510NU00025,수입진행상황(module)-2025년도.xlsx,2025,851,,,,865935.36,,SNKO03K251001475,,,"하나
은행",9,RS/KRS/KR-A-TOPSOLAR-25081401,432,15552,0.087,,2025-10-16,M12MK2510NU00025,15552,,,,,,"95% 822,638.59
5% T/T 43,296.77",9875520,,,,,탑솔라,라이젠 640,72,,,,,,,,,,,,,,,,,,,,,9953280,,,,,,탑솔라,2025-10-27,15552,라이젠,,26.01.26,2025-11-03,,블루,,RSM156-9 640,2025-12-02
M0215508NU00274,수입진행상황(module)-2025년도.xlsx,2025,872,,,,5400675,,SHKW25019107,,,"산업
은행",10,MCKRJH25Q301,,94500,0.09,,2025-08-29,M0215508NU00274,93832,,,,5094373.86,,469087.19999999995,,,,,,강원도 원주(궁촌),635,1260,,,,,,,,,,,,,,,,,,,,,60007500,,,,,,탑솔라,2025-09-22,8640,징코,26507324,,,,블루,,"JKM635N-78HL4-BDV-S

5% TT
95% LC",2025-10-23
M12MK2508NU00057,수입진행상황(module)-2025년도.xlsx,2025,972,,,,,,SHKWA25019768,,,"하나
은행",,,,,,,2025-08-29,M12MK2508NU00057,668,,,,"27077.67
(-9189.72정산금)",,36267.38999999999,,,,,,대구 달서(신성FA2),635,72,,,,,,,,,,,,,,,,,,,,,,,,,,,,2025-09-28,668,,3639982,,,,블루,,,2025-11-25
M12MK2510NU00040,수입진행상황(module)-2025년도.xlsx,2025,976,,,,1792173.708,,SNKO03K251003063,,,하나은행,,,874,31464,0.0897,,2025-10-31,M12MK2510NU00040,31464,,,,1702565.02,,1702565.02,,,,,,태안군 안면읍(태안그린) 오전,635,3456,,,,,,,,,,,,,,,,,,,,,19979640,,,,,,,2025-11-16,31464,,81942460,,2025-11-19,LG,선진,,JKM635N-78HL4-BDV-S,2025-11-25
M0215511NU00388,수입진행상황(module)-2025년도.xlsx,2025,1000,,,,4298337.225,,"JWSH25120029
탑솔라
(DY ULC)",,,국민은행,,,437,81900,0.087,,2025-11-27,M0215511NU00388,33264,,,,1745786.2,,,,,,,,전북 군산(이지쏠라),635,2304,,,,,,,,,,,,,,,,,,,,,,,,,,,,2025-12-20,15732,,40250476,,2025-12-24,LG송부완료,선진,,,2025-12-23
M0215511NU00388,수입진행상황(module)-2025년도.xlsx,2025,1039,,,,,,"JWSH25120034
탑솔라
(DY ULC)",,,산업은행,,,537,,,,2025-11-27,M0215511NU00388,48636,,,,2552551.03,,,,,,,,탑솔라,635,252,,,,,,,,,,,,,,,,,,,,,,,,,,,,2025-12-21,19332,,60244489,,2025-12-25,LG,선진,,,2026.01.26
M0215511NU00274,수입진행상황(module)-2025년도.xlsx,2025,1114,,,,3588448.5,,"SNKO03K251102051
화신-징코",,,산업은행,11,MCKRJH25Q402,593,63000,0.0897,,2025-11-20,M0215511NU00274,21326,,,,1214718.3,,,선적예정,,,,,탑솔라,635,216,,,,,,,,,,,,,,,,,,,,,40005000,,,,,,"화신
이엔지",2025-12-14,21326,징코,53439780,,2025-12-18,LG송부완료,선진,,"JKM635N-78HL4-BDV-S

100%  L/C",2025-12-19
M100R2512NU00025,수입진행상황(module)-2025년도.xlsx,2025,1125,,,,,,"JWSH25120010
화신-징코
(DYULC)",,,국민은행,,,480,,,,2025-12-05,M100R2512NU00025,41674,,,,2373730.2,,,,,,,,태안군(태안그린),635,1764,,,,,,,,,,,,,,,,,,,,,,,,,,,,,17280,,,,,,선진,,,2026-12-31
M04NG2512NU00018,수입진행상황(module)-2025년도.xlsx,2025,1159,,,,101146.32,,"디원
SHADGV03730",,,기업은행,12,Lgi-UG-Sal-2510-1898-C012,420,1584,0.099,,2025-12-01,M04NG2512NU00018,1584,,,,1079293.25,,,,,,,,충남 천안(화덕3),론지 645,396,,,,,,,,,,,,,,,,,,,,,1021680,,,,,,디원,2025-12-09,1584,론지,,,2025-12-12,LG,블루,,LR7-72HYD-645M,2026.01.24
M04NG2512NU00025,수입진행상황(module)-2025년도.xlsx,2025,1189,,,,,,"SHADHG40310
(일본통운)",,,기업은행,,,,,,,2025-12-16,M04NG2512NU00025,3323,,,,702347.24,,,,,,,,충북 청주(사정리104),론지 650,2088,,,,,,,,,,,,,,,,,,,,,,,,,,,,,3323,,,,,,블루,,,2026.02.06
M12MK2601NU00040,수입진행상황(module)-2026년도.xlsx,징코,5,,,,943533.8,,KD2602040181,,O BL,하나은행,,"MCKRJH25Q301 V4
*2025년 진행
계약잔량 : 158.6MW
(400MW→350MW→312.MW)",,13508,0.11,2026-01-30,M12MK2601NU00040,51560,3492,32.7,6334368.26,,896357.11,,,,제주탑솔라 더엠,635,216,,,,,,,,,,,,,,,,,,3492,,,,,,8577580,,,,,,,,,17000,탑솔라,,,,,선진,,JKM635N-78HL4-BDV-S,2026-04-23
M0215601NU00324,수입진행상황(module)-2026년도.xlsx,징코,41,,,,118702.08,,KD2602050118,,O BL,산업은행,,,,1656,0.112,2026-01-30,M0215601NU00324,78336,440,50.1MW,5334368.26,,112766.98,,,,경남고성(성현2호),640Wp,1548,,,,,,,,,,,,,,,,,,,,,,,,1059840,,,,,,,,2026-02-22,1656,,6389454,,,,블루,,JKM640N-78HL4-BDV-S-1,2026-03-27
M12MK2602NU00018,수입진행상황(module)-2026년도.xlsx,징코,144,,36,,4997278.55,,"KD2602270204
(20회차)",,O BL,하나은행,,,432,71543,0.11,2026-02-20,M12MK2602NU00018,71543,,45.4,4747414.62,,1031991.84,,,,탑솔라,635,468,,,,,,,,,,,,,,,,,,,,,,,,45429805,,,,,,,,2026-03-18,15552,,,,2026-03-20,,선진,27,JKM635N-78HL4-BDV-S-1,2026-04-10
M0215602NU00096,수입진행상황(module)-2026년도.xlsx,징코,166,,,,1306264.85,,"KD2602130302
(18회차)",,,산업은행,,,256,18701,0.11,2026-02-20,M0215602NU00096,18701,,11.9,1240951.61,,611550.72,,,,경기도 광주(그린),635,108,,,,,,,,,,,,,,,,,,,,,,,,11875135,,,,,,,,2026-03-09,9216,,,,2026-03-13,,선진,16,JKM635N-78HL4-BDV-S-1,2026-04-23
M0215603NU00153,수입진행상황(module)-2026년도.xlsx,론지솔라,5,333332.829,,2999995.461,,3333328.29,SELHTZ265427,,"프리
4/24",산업은행,1,"LGi-UG-Sal-2508-3660-B012

석문호 90MW
(기존입고 46,778EA-28.8MW)",500,46524,0.1165,,,2026-03-05,M0215603NU00153,46524,75,,2999995.46,,1160689.5,,,,당진 석문호,615Ma,2304,,,,,,,,,,,,,,,,,,,,,,28612260,,,,"김영웅
부장
서류
전달",,,,2026-03-23,18000,디원,28707480,,2026-03-25,평택,선진,25,615,2026-04-14
M0215603NU00139,수입진행상황(module)-2026년도.xlsx,론지솔라,31,380261.9415,36장,3422357.4735000003,,3802619.415,DFS815002426,,2026-03-23,산업은행,,,500,53074,0.1165,,,2026-03-05,M0215603NU00139,53074,,,3422357.48,,1160689.5,,,,당진 석문호,615Ma,1080,,,,,,,,,,,,,,,,,,,,,,32640510,,,,"김영웅
부장
서류
전달",,,,2026-03-20,18000,,37333050,,2026-03-23,광양,선진,25,615,2026-04-02
M0215603NU00160,수입진행상황(module)-2026년도.xlsx,론지솔라,55,96896.07900000001,,872064.711,,968960.79,"DFS815002467
드메르코",,,산업은행,2,"비금호 26MW  
42,284pcs",376,13524,0.1165,,,2026-03-05,M0215603NU00160,13524,,8317260,872064.71,,872064.71,,,,,,,,,,,,,,,,,,,,,,,,,,,,8317260,,,,2026-05-18,,,,2026-05-05,13524,탑솔라,,,,광양,선진,19,615,
M100R2603NU00032,수입진행상황(module)-2026년도.xlsx,론지솔라,61,,,,,," DFS815002470
드메르코",,오비엘 5/11발송,"국민
은행",,,399,28760,,,,2026-03-12,M100R2603NU00032,28760,,17687400,1854523.89,,925972.29,,,,,,,,,,,,,,,,,,,,,,,,,,,,17687400,,,,2026-05-18,,,,2026-05-05,14360,,,,,광양,선진,20,615,
M12MK2602NU00025,수입진행상황(module)-2026년도.xlsx,론지솔라,71,189174.375,,1702569.375,,1891743.75,"
DFS815002443",,,하나은행,3,"Lgi-HG-Sal-2601-1805-B012
(10%, 90%) 백컨텍모듈",,24875,0.117,,,"2026.
02.19",M12MK2602NU00025,,,,1702569.38,,,,,,,,,,,,,,,,,,,,,,,,,,,,,,16168750,,,,,,,,2026-04-11,13680,탑솔라,,,,광양,블루,,650,
M100R2602NU00107,수입진행상황(module)-2026년도.xlsx,론지솔라,93,3878.55,,34906.950000000004,,38785.5,"
DFS815002444",,,"국민
은행",,,,510,0.117,,,"2026.
02.19",M100R2602NU00107,20611,90,,1456478.54,,,,,,,,,,,,,,,,,,,,,,,,,,,,,,331500,,,,,,,,2026-04-11,510,,,,,광양,블루,,650,
M100R2602NU00114,수입진행상황(module)-2026년도.xlsx,론지솔라,115,28090.800000000003,,252817.2,,280908,DFS815002448,,2026-04-23,"국민
은행",4,"Lgi-HG-Sal-2601-1530-B012
(10%, 90%) 경량모듈",80,3468,0.15,,,"2026.
02.20",M100R2602NU00114,3468,,,252817.2,,209952,,,,,,,,,,,,,,,,,,,,,,,,,,,,1872720,,,,4/28까지,,,,2026-04-16,2880,탑솔라,,,,광양,선진,,540,
M42M62602NU00018,수입진행상황(module)-2026년도.xlsx,론지솔라,122,27410.4,,246693.6,,274104,"DFS815002451
디메르코",,오비엘5/6發,"신한
은행",,,730,3384,0.15,,,"2026.
02.20",M42M62602NU00018,,,,2447321.85,,246693.6,,,,,,,,,,,,,,,,,,,,,,,,,,,,1827360,,,,5/8까지,,,,2026-04-25,3384,,,,2026-04-28,광양,선진,37,540,
M34PD2601NU00018,수입진행상황(module)-2026년도.xlsx,트리나,5,,"지지대
30EA",,"2465791.8

지지대 60pcs",,"EASEK2606SK0001
(EAS Shipping)",,2026-02-24,광주,1,TED-A11046-2601-TSI-00499-00,678,41679,0.096,2026-01-22,M34PD2601NU00018,41679,,30008880,"2,465,791.80

100%-2,880,852.48
90%-2,592,767.23
10%-288,085.25
 정산-126,975.43 ",,212952.75,1265109.33,,,,전남강진(가오),720WP,1353,,,,,,,,,,,,,,,,,,,,,,,30008880,,,,,,,,2026-02-18,21384,탑솔라,,,2026-02-21,완료,블루,9대,720WP,2026-03-06
M0215604NU00160,수입진행상황(module)-2026년도.xlsx,라이젠,5,,,,"3,958,986.24
(5%-197,949.31
95%3,761,036.93)",,NBOZK6Q52100,,,"산업
은행",1,"RS/KRS/KR-A-TOPSOLAR-26031301

(95%, 5%)",656,"141982
(47232만진행, 단가변경)",0.132,2026-04-20,M0215604NU00160,23616,,14996160,1880518.46,,1880518.46,,,,,,,,,,,,,,,,,,,,,,,,,,,,,,29992320,,,,,,,,2026-05-01,23616,탑솔라,,,2026-05-06,,선진,41,RSM156-9 635,
